Entry_ID	SMILES	Target_RNA_sequence	Molecule_name	Molecule_ID	Target_RNA_name	Target_RNA_ID	pKd
286	c1c2OC[C@@H](Cc2c2c(c1)N=C1[C@H]2C[C@@H](CN1)CN(C)C)CN(C)C	GGCCGAGUAGUGUUGGGUCGCGAAAGGCC	Benzimidazole13ibis	Target_lig_225	HCV IRES Domain II	Target_66	6.14266750356873
287	CN(C)CCCN1C2=C(C=CC(=C2)OCCCN(C)C)N=C1N	GGCCGAGUAGUGUUGGGUCGCGAAAGGCC	Benzimidazole3ibis	Target_lig_226	HCV IRES Domain II	Target_66	4.76955107862173
305	CC(C)N=C(C1=CC=CC(=C1)C2=CC=C(O2)C3=CC(=CC=C3)C(=NC(C)C)N)N	GCACUAUGGGCGCCAGCGUCAAUGACGCUGACGGUACAGCCAGACAAUUAUUGUCUGGUAUAGUGC	CMC6_diphenylfuran	Target_lig_243	HIV-1 RRE	Target_80	5.30102999566398
306	CN(C)CCN=C(C1=CC=CC(=C1)C2=CC=C(O2)C3=CC(=CC=C3)C(=NCCN(C)C)N)N	GCACUAUGGGCGCCAGCGUCAAUGACGCUGACGGUACAGCCAGACAAUUAUUGUCUGGUAUAGUGC	CMC7_diphenylfuran	Target_lig_244	HIV-1 RRE	Target_80	7
307	CN(C)CCCN=C(C1=CC=CC(=C1)C2=CC=C(O2)C3=CC(=CC=C3)C(=NCCCN(C)C)N)N	GCACUAUGGGCGCCAGCGUCAAUGACGCUGACGGUACAGCCAGACAAUUAUUGUCUGGUAUAGUGC	CMC8_diphenylfuran	Target_lig_245	HIV-1 RRE	Target_80	5.79588001734408
731	[C@@H]1([C@H]([C@H]([C@H](O[C@@H]1CNC(=N)N)O[C@@H]1[C@@H]([C@@H]([C@H](C[C@H]1NC(=N)N)NC(=N)N)O)O[C@H]1[C@@H]([C@H]([C@@H](O1)CO)O[C@H]1O[C@H]([C@H]([C@@H]([C@@H]1NC(=N)N)O)O)CNC(=N)N)O)NC(=N)N)O)O	UUUUUUAGGGAAGAUCUGGCCUUCCCACAAGGGAAGGCCAGGGAAUUUUCUU	guanidinoneomycin_B	Target_lig_495	HIV-1FRAMESHIFT STEM LOOP STRUCTURE	Target_109	8
732	C[C@H]1[C@H]([C@H](C[C@@H](O1)O[C@H]2C[C@@](CC3=C2C(=C4C(=C3O)C(=O)C5=C(C4=O)C(=CC=C5)OC)O)(C(=O)CO)O)N)O	UUUUUUAGGGAAGAUCUGGCCUUCCCACAAGGGAAGGCCAGGGAAUUUUCUU	doxorubicin	Target_lig_496	HIV-1FRAMESHIFT STEM LOOP STRUCTURE	Target_109	5.55284196865778
733	c1cc(ccc1)C[C@H](NC(=O)[C@@H]1CCCN1C(=O)[C@@H](NC(=O)c1cc2ccccc2nc1CC)CSSC[C@H](C(=O)N1CCC[C@H]1C(=O)N[C@H](C(=O)NCCCN)Cc1ccccc1)NC(=O)c1c(nc2c(c1)cccc2)CC)C(=O)NCCCN	UUUUUUAGGGAAGAUCUGGCCUUCCCACAAGGGAAGGCCAGGGAAUUUUCUU	ethylquinoline_carboxamide derivative	Target_lig_497	HIV-1FRAMESHIFT STEM LOOP STRUCTURE	Target_109	6.45593195564972
734	CC1=NC2=NC(=NN2C(=C1)N3CCN(CC3)C)C4=CC=C(C=C4)Cl	AGGACUCGGCUUGCUGAAGCGCGCGACGGCAAGAGGCGAGGGGCGGCGACUGGUGAGUACGCCAAAAAUUUUGACUAGCGGAGGCUAGAAGGAGAGAGAUGGGUGCGAGAGCGUCGGU	methylpiperazine derivative	Target_lig_498	SL-3 of HIV-1_SITE	Target_146	4.95860731484177
735	CC1=C(C(=O)C2=C(C1=O)N3C[C@H]4[C@@H](C3=C2COC(=O)N)N4C)OC	AGGACUCGGCUUGCUGAAGCGCGCGACGGCAAGAGGCGAGGGGCGGCGACUGGUGAGUACGCCAAAAAUUUUGACUAGCGGAGGCUAGAAGGAGAGAGAUGGGUGCGAGAGCGUCGGU	methyl_carbamate derivative	Target_lig_499	SL-3 of HIV-1_SITE	Target_146	4.00877392430751
847	CC1C(C(C(O1)OC2C(C(C(C(C2O)O)N=C(N)N)O)N=C(N)N)OC3C(C(C(C(O3)CO)O)O)NC)(C=O)O	GCACUAUGGGCGCCAGCGUCAAUGACGCUGACGGUACAGCCAGACAAUUAUUGUCUGGUAUAGUGC	Streptomycin	Target_lig_63	RRE-RNA	Target_80	6
849	[C@H]1([C@H](C[C@H]([C@H]([C@H]1O)O[C@@H]1[C@@H](C[C@@H]([C@@H](O1)CN)O)N)N)N)O[C@@H]1[C@H]([C@@H]([C@H]([C@@H](O1)CNc1c2ccccc2nc2c1cccc2)O)N)O	GCACUAUGGGCGCCAGCGUCAAUGACGCUGACGGUACAGCCAGACAAUUAUUGUCUGGUAUAGUGC	Tobramycin	Target_lig_540	RRE-RNA	Target_80	5.52287874528034
899	CC(=O)C1=CC2=C(C=C1)SC3=CC=CC=C3N2CCCN(C)C	GGGCUAGCACUCUGGUAUCACGGUACCUUUGUGCGCCC	Acetylpromazine	Target_lig_176	Coxsackie virus B3 RNA	Target_130	3.48148606012211
900	CC(=O)C1=CC2=C(C=C1)SC3=CC=CC=C3N2CCCN(C)C	GGGGUUGUACCCACCCC	Acetylpromazine	Target_lig_176	Polio virus loop B construct	Target_131	2.74472749489669
949	N([C@@H](C(=O)N1[C@@H](CCC1)C(=O)N[C@@H](Cc1ccccc1)C(=O)NCCCCCCN)CSSC[C@@H](NC(=O)c1c(nc2c(cccc2)c1)CC)C(=O)N1[C@@H](CCC1)C(=O)N[C@@H](Cc1ccccc1)C(=O)NCCCCCCN)C(=O)c1c2c(nc(c1)CC)cccc2	GGCCUUCCCACAAGGGAAGGCC	disulfide_der_0	Target_lig_564	HIV-1 FSS	Target_188	6.45593195564972
950	N([C@@H](C(=O)N1[C@@H](CCC1)C(=O)N[C@@H](Cc1ccccc1)C(=O)NCCCN)CSSC[C@@H](NC(=O)c1c(nc2c(cccc2)c1)CC)C(=O)N1[C@@H](CCC1)C(=O)N[C@@H](Cc1ccccc1)C(=O)NCCCN)C(=O)c1c2c(nc(c1)CC)cccc2	GGCCUUCCCACAAGGGAAGGCC	disulfide_der_1	Target_lig_565	HIV-1 FSS	Target_188	6.45593195564972
951	N([C@H](C(=O)N1[C@H](CCC1)C(=O)N[C@H](Cc1ccccc1)C(=O)NCCCN)CSSC[C@@H](NC(=O)c1c(nc2c(cccc2)c1)C)C(=O)N1[C@@H](CCC1)C(=O)N[C@@H](Cc1ccccc1)C(=O)NCCCN)C(=O)c1c2c(nc(c1)C)cccc2	GGCCUUCCCACAAGGGAAGGCC	disulfide_der_2	Target_lig_566	HIV-1 FSS	Target_188	6.36653154442041
952	N([C@@H](C(=O)N1[C@@H](CCC1)C(=O)N[C@H](Cc1ccccc1)C(=O)NCCCN)CSSC[C@@H](NC(=O)c1cnc2c(cccc2)c1)C(=O)N1[C@@H](CCC1)C(=O)N[C@@H](Cc1ccccc1)C(=O)NCCCN)C(=O)c1c2c(ncc1)cccc2	GGCCUUCCCACAAGGGAAGGCC	disulfide_der_3	Target_lig_567	HIV-1 FSS	Target_188	6.18708664335714
953	N([C@@H](C(=O)N1[C@H](CCC1)C(=O)N[C@@H](Cc1ccccc1)C(=O)NCCCN)CSSC[C@@H](NC(=O)c1c(nc2c(cc3c(c2)OCO3)c1)CC)C(=O)N1[C@@H](CCC1)C(=O)N[C@@H](Cc1ccccc1)C(=O)NCCCN)C(=O)c1c2c(nc(c1)CC)cc1c(c2)OCO1	GGCCUUCCCACAAGGGAAGGCC	disulfide_der_6	Target_lig_568	HIV-1 FSS	Target_188	5.84771165561694
954	N([C@H](C(=O)N1[C@@H](CCC1)C(=O)N[C@@H](Cc1ccccc1)C(=O)NCCCN)CSSC[C@H](NC(=O)c1c(nc2c(c1)C(=O)[C@@H]1[C@@H](C2=O)C=CC=C1)CC)C(=O)N1[C@@H](CCC1)C(=O)N[C@@H](Cc1ccccc1)C(=O)NCCCN)C(=O)c1c2c(nc(c1)CC)C(=O)[C@@H]1[C@H](C2=O)C=CC=C1	GGCCUUCCCACAAGGGAAGGCC	disulfide_der_7	Target_lig_569	HIV-1 FSS	Target_188	6.63827216398241
955	N([C@H](C(=O)N1[C@H](CCC1)C(=O)N[C@H](Cc1ccccc1)C(=O)NCCCN)CC=C)C(=O)c1c2c(nc(c1)CC)cccc2	AGGACUCGGCUUGCUGAAGCGCGCGACGGCAAGAGGCGAGGGGCGGCGACUGGUGAGUACGCCAAAAAUUUUGACUAGCGGAGGCUAGAAGGAGAGAGAUGGGUGCGAGAGCGUCGGU	carba_der	Target_lig_570	HIV-1 genomic SL3 rna	Target_146	6.32790214206428
956	N([C@H](C(=O)N1[C@H](CCC1)C(=O)N[C@@H](Cc1ccccc1)C(=O)NCCCN)C/C=C/C[C@H](NC(=O)c1c(nc2c(c1)cccc2)CC)C(=O)N1[C@@H](CCC1)C(=O)N[C@@H](Cc1ccccc1)C(=O)NCCCN)C(=O)c1c2c(nc(c1)CC)cccc2	AGGACUCGGCUUGCUGAAGCGCGCGACGGCAAGAGGCGAGGGGCGGCGACUGGUGAGUACGCCAAAAAUUUUGACUAGCGGAGGCUAGAAGGAGAGAGAUGGGUGCGAGAGCGUCGGU	dicarba_analog_1	Target_lig_571	HIV-1 genomic SL3 rna	Target_146	6.48148606012211
957	N([C@H](C(=O)N1[C@H](CCC1)C(=O)N[C@H](Cc1ccccc1)C(=O)NCCCN)CCCC[C@H](NC(=O)c1c(nc2c(c1)cccc2)CC)C(=O)N1[C@@H](CCC1)C(=O)N[C@@H](Cc1ccccc1)C(=O)NCCCN)C(=O)c1c2c(nc(c1)CC)cccc2	AGGACUCGGCUUGCUGAAGCGCGCGACGGCAAGAGGCGAGGGGCGGCGACUGGUGAGUACGCCAAAAAUUUUGACUAGCGGAGGCUAGAAGGAGAGAGAUGGGUGCGAGAGCGUCGGU	dicarba_analog_2	Target_lig_572	HIV-1 genomic SL3 rna	Target_146	5.89619627904404
958	CN(C)CCNC1=CC(=NC2=CC=CC=C21)C3=CC=CC=C3	AGGACUCGGCUUGCUGAAGCGCGCGACGGCAAGAGGCGAGGGGCGGCGACUGGUGAGUACGCCAAAAAUUUUGACUAGCGGAGGCUAGAAGGAGAGAGAUGGGUGCGAGAGCGUCGGU	quinoline_der	Target_lig_24	HIV-1 genomic SL3 rna	Target_146	6.53760200210104
959	C1=C(N(C(=C=1)c1c(cc(cc1C)C)C)[Ru](=Cc1ccccc1)(Cl)(Cl)P(C1CCCCC1)(C1CCCCC1)C1CCCCC1)c1c(cc(cc1C)C)C	AGGACUCGGCUUGCUGAAGCGCGCGACGGCAAGAGGCGAGGGGCGGCGACUGGUGAGUACGCCAAAAAUUUUGACUAGCGGAGGCUAGAAGGAGAGAGAUGGGUGCGAGAGCGUCGGU	Ruthenium_der	Target_lig_574	HIV-1 genomic SL3 rna	Target_146	6.45593195564972
960	CN(C)C1=NC=NC2=C1N=CN2CCN3C=NC4=C3N=CN=C4N(C)C	AGGACUCGGCUUGCUGAAGCGCGCGACGGCAAGAGGCGAGGGGCGGCGACUGGUGAGUACGCCAAAAAUUUUGACUAGCGGAGGCUAGAAGGAGAGAGAUGGGUGCGAGAGCGUCGGU	NSC54101	Target_lig_575	HIV-1 genomic SL3 rna	Target_146	4.49485002168009
961	C[N+]1(CCCC2=CC=CC=C21)NCC[N+](C)(C)C.[I-]	AGGACUCGGCUUGCUGAAGCGCGCGACGGCAAGAGGCGAGGGGCGGCGACUGGUGAGUACGCCAAAAAUUUUGACUAGCGGAGGCUAGAAGGAGAGAGAUGGGUGCGAGAGCGUCGGU	NSC18613	Target_lig_576	HIV-1 genomic SL3 rna	Target_146	5.82390874094432
962	CC1=NC2=NC(=NN2C(=C1)N3CCN(CC3)C)C4=CC=C(C=C4)Cl	AGGACUCGGCUUGCUGAAGCGCGCGACGGCAAGAGGCGAGGGGCGGCGACUGGUGAGUACGCCAAAAAUUUUGACUAGCGGAGGCUAGAAGGAGAGAGAUGGGUGCGAGAGCGUCGGU	NSC252359	Target_lig_577	HIV-1 genomic SL3 rna	Target_146	4.95860731484177
963	CN1C2=C(N=C1OCCN(C)C)N(C(=O)N(C2=O)C)C	AGGACUCGGCUUGCUGAAGCGCGCGACGGCAAGAGGCGAGGGGCGGCGACUGGUGAGUACGCCAAAAAUUUUGACUAGCGGAGGCUAGAAGGAGAGAGAUGGGUGCGAGAGCGUCGGU	NSC11936	Target_lig_578	HIV-1 genomic SL3 rna	Target_146	5.85387196432176
964	CC1=C(C(=O)C2=C(C1=O)N3C[C@H]4[C@@H](C3=C2COC(=O)N)N4C)OC	AGGACUCGGCUUGCUGAAGCGCGCGACGGCAAGAGGCGAGGGGCGGCGACUGGUGAGUACGCCAAAAAUUUUGACUAGCGGAGGCUAGAAGGAGAGAGAUGGGUGCGAGAGCGUCGGU	NSC123111	Target_lig_579	HIV-1 genomic SL3 rna	Target_146	4.00877392430751
965	CN1C2=NC=NC3=C2C(=CN3C4C(C(C(O4)CO)O)O)C(=N1)N	AGGACUCGGCUUGCUGAAGCGCGCGACGGCAAGAGGCGAGGGGCGGCGACUGGUGAGUACGCCAAAAAUUUUGACUAGCGGAGGCUAGAAGGAGAGAGAUGGGUGCGAGAGCGUCGGU	NSC154020	Target_lig_580	HIV-1 genomic SL3 rna	Target_146	3.92811799269387
966	C[N+]1(CCC2=CC(=C(C=C2C1CC3=CC(=C(C=C3)O)O)O)O)C.[Br-]	AGGACUCGGCUUGCUGAAGCGCGCGACGGCAAGAGGCGAGGGGCGGCGACUGGUGAGUACGCCAAAAAUUUUGACUAGCGGAGGCUAGAAGGAGAGAGAUGGGUGCGAGAGCGUCGGU	NSC121848	Target_lig_581	HIV-1 genomic SL3 rna	Target_146	3.86966623150499
967	C1=CC=C(C(=C1)/C=C\2/C(=O)N(C(=O)N2)/C=C\3/C(=O)C4=CC=CC=C4OC3=O)O	AGGACUCGGCUUGCUGAAGCGCGCGACGGCAAGAGGCGAGGGGCGGCGACUGGUGAGUACGCCAAAAAUUUUGACUAGCGGAGGCUAGAAGGAGAGAGAUGGGUGCGAGAGCGUCGGU	NSC657704	Target_lig_582	HIV-1 genomic SL3 rna	Target_146	3.78781239559604
968	C[N+]1(C2CC(CC1C3C2O3)OC(=O)C(CO)C4=CC=CC=C4)C	AGGACUCGGCUUGCUGAAGCGCGCGACGGCAAGAGGCGAGGGGCGGCGACUGGUGAGUACGCCAAAAAUUUUGACUAGCGGAGGCUAGAAGGAGAGAGAUGGGUGCGAGAGCGUCGGU	NSC61809	Target_lig_583	HIV-1 genomic SL3 rna	Target_146	3.80410034759077
969	c1c(cc2c(c1)c(c1c(n2)cc(c(c1)OC)C)Nc1ccc(c(c1)CN1CCN(CC1)C)O)Cl	AGGACUCGGCUUGCUGAAGCGCGCGACGGCAAGAGGCGAGGGGCGGCGACUGGUGAGUACGCCAAAAAUUUUGACUAGCGGAGGCUAGAAGGAGAGAGAUGGGUGCGAGAGCGUCGGU	acridine_new_derv	Target_lig_584	HIV-1 genomic SL3 rna	Target_146	6.17392519729917
990	CC1=CC=CN2C1=NC3=C(C2=O)C=C(C(=N)N3CCOCCO)C(=O)N[C@@H](C)C4=CC=CC=C4	AGGACUCGGCUUGCUGAAGCGCGCGACGGCAAGAGGCGAGGGGCGGCGACUGGUGAGUACGCCAAAAAUUUUGACUAGCGGAGGCUAGAAGGAGAGAGAUGGGUGCGAGAGCGUCGGU	SL3 RNA_ligand1	Target_lig_605	SL3 RNA	Target_146	3.78781239559604
991	C1=CC=C2C=C(C=CC2=C1)/C=C/3\C(=O)N=C(S3)N	AGGACUCGGCUUGCUGAAGCGCGCGACGGCAAGAGGCGAGGGGCGGCGACUGGUGAGUACGCCAAAAAUUUUGACUAGCGGAGGCUAGAAGGAGAGAGAUGGGUGCGAGAGCGUCGGU	SL3 RNA_ligand3	Target_lig_606	SL3 RNA	Target_146	4.95860731484177
992	COC1=C(C=C(C=C1)NCC2=CC=C(S2)[N+](=O)[O-])OC	AGGACUCGGCUUGCUGAAGCGCGCGACGGCAAGAGGCGAGGGGCGGCGACUGGUGAGUACGCCAAAAAUUUUGACUAGCGGAGGCUAGAAGGAGAGAGAUGGGUGCGAGAGCGUCGGU	SL3 RNA_ligand4	Target_lig_607	SL3 RNA	Target_146	5.95860731484177
993	C1=CC=C2C=C(C=CC2=C1)/C=C/3\C(=O)NC(=S)N3	AGGACUCGGCUUGCUGAAGCGCGCGACGGCAAGAGGCGAGGGGCGGCGACUGGUGAGUACGCCAAAAAUUUUGACUAGCGGAGGCUAGAAGGAGAGAGAUGGGUGCGAGAGCGUCGGU	SL3 RNA_ligand5	Target_lig_608	SL3 RNA	Target_146	5.45593195564972
994	C1=CC=C(C=C1)C[N+]2=CC=C(C=C2)C(=O)N/N=C\C3=CC=C(C=C3)Br	AGGACUCGGCUUGCUGAAGCGCGCGACGGCAAGAGGCGAGGGGCGGCGACUGGUGAGUACGCCAAAAAUUUUGACUAGCGGAGGCUAGAAGGAGAGAGAUGGGUGCGAGAGCGUCGGU	SL3 RNA_ligand6	Target_lig_609	SL3 RNA	Target_146	5.30102999566398
995	CC1CCN(CC1)C2=CC=C(C=C2)N	AGGACUCGGCUUGCUGAAGCGCGCGACGGCAAGAGGCGAGGGGCGGCGACUGGUGAGUACGCCAAAAAUUUUGACUAGCGGAGGCUAGAAGGAGAGAGAUGGGUGCGAGAGCGUCGGU	SL3 RNA_ligand7	Target_lig_610	SL3 RNA	Target_146	5
996	C1=CC=C(C=C1)OCCNC2=CC=CC=C2N	AGGACUCGGCUUGCUGAAGCGCGCGACGGCAAGAGGCGAGGGGCGGCGACUGGUGAGUACGCCAAAAAUUUUGACUAGCGGAGGCUAGAAGGAGAGAGAUGGGUGCGAGAGCGUCGGU	SL3 RNA_ligand8	Target_lig_611	SL3 RNA	Target_146	4.16749108729376
997	C1=CC2=C(C=CC(=C2N=C1)SCCO)[N+](=O)[O-]	AGGACUCGGCUUGCUGAAGCGCGCGACGGCAAGAGGCGAGGGGCGGCGACUGGUGAGUACGCCAAAAAUUUUGACUAGCGGAGGCUAGAAGGAGAGAGAUGGGUGCGAGAGCGUCGGU	SL3 RNA_ligand9	Target_lig_612	SL3 RNA	Target_146	5.76955107862173
998	C1=CC=C(C(=C1)/C=C\2/C(=O)N(C(=O)N2)/C=C/3\C(=O)C4=CC=CC=C4OC3=O)O	AGGACUCGGCUUGCUGAAGCGCGCGACGGCAAGAGGCGAGGGGCGGCGACUGGUGAGUACGCCAAAAAUUUUGACUAGCGGAGGCUAGAAGGAGAGAGAUGGGUGCGAGAGCGUCGGU	SL3 RNA_ligand10	Target_lig_613	SL3 RNA	Target_146	5.34678748622466
999	C1=CC=C2C(=C1)C(=O)C3=C(C2=O)C(=C(C=C3NC4=CC=C(C=C4)S(=O)(=O)N)S(=O)(=O)O)N	AGGACUCGGCUUGCUGAAGCGCGCGACGGCAAGAGGCGAGGGGCGGCGACUGGUGAGUACGCCAAAAAUUUUGACUAGCGGAGGCUAGAAGGAGAGAGAUGGGUGCGAGAGCGUCGGU	SL3 RNA_ligand11	Target_lig_614	SL3 RNA	Target_146	4.95860731484177
1000	c12ccccc1C(=O)[C@H]1[C@H](C2=O)C(=CC=C1NCCO)NCCO	AGGACUCGGCUUGCUGAAGCGCGCGACGGCAAGAGGCGAGGGGCGGCGACUGGUGAGUACGCCAAAAAUUUUGACUAGCGGAGGCUAGAAGGAGAGAGAUGGGUGCGAGAGCGUCGGU	SL3 RNA_ligand12	Target_lig_615	SL3 RNA	Target_146	4.95467702121334
1001	CC1=CC=CN2C1=NC3=C(C2=O)C=C(C(=N)N3CCCO)C(=O)NC	AGGACUCGGCUUGCUGAAGCGCGCGACGGCAAGAGGCGAGGGGCGGCGACUGGUGAGUACGCCAAAAAUUUUGACUAGCGGAGGCUAGAAGGAGAGAGAUGGGUGCGAGAGCGUCGGU	SL3 RNA_ligand13	Target_lig_616	SL3 RNA	Target_146	4.87942606879415
1002	CC1=CC=CN2C1=NC3=C(C2=O)C=C(C(=N)N3CC4=CN=CC=C4)C(=O)NCCN5CCOCC5	AGGACUCGGCUUGCUGAAGCGCGCGACGGCAAGAGGCGAGGGGCGGCGACUGGUGAGUACGCCAAAAAUUUUGACUAGCGGAGGCUAGAAGGAGAGAGAUGGGUGCGAGAGCGUCGGU	SL3 RNA_ligand14	Target_lig_617	SL3 RNA	Target_146	4.48148606012211
1003	CC1=CC=CN2C1=NC3=C(C2=O)C=C(C(=N)N3C[C@H]4CCCO4)C(=O)N5CCN(CC5)C	AGGACUCGGCUUGCUGAAGCGCGCGACGGCAAGAGGCGAGGGGCGGCGACUGGUGAGUACGCCAAAAAUUUUGACUAGCGGAGGCUAGAAGGAGAGAGAUGGGUGCGAGAGCGUCGGU	SL3 RNA_ligand15	Target_lig_618	SL3 RNA	Target_146	4.35654732351381
1004	C1=CC=C(C=C1)N2C=C(C(=N2)C3=CC4=C(C=CC5=CC=CC=C54)OC3=O)C=C6C(=O)NC(=S)NC6=O	AGGACUCGGCUUGCUGAAGCGCGCGACGGCAAGAGGCGAGGGGCGGCGACUGGUGAGUACGCCAAAAAUUUUGACUAGCGGAGGCUAGAAGGAGAGAGAUGGGUGCGAGAGCGUCGGU	SL3 RNA_ligand16	Target_lig_619	SL3 RNA	Target_146	4.29242982390206
1005	CN1CCN(CC1)CCCN2C3=CC=CC=C3SC4=C2C=C(C=C4)C(F)(F)F	AGGACUCGGCUUGCUGAAGCGCGCGACGGCAAGAGGCGAGGGGCGGCGACUGGUGAGUACGCCAAAAAUUUUGACUAGCGGAGGCUAGAAGGAGAGAGAUGGGUGCGAGAGCGUCGGU	SL3 RNA_ligand17	Target_lig_620	SL3 RNA	Target_146	4.04575749056068
1107	NC1=NC(N)=[NH+]C(NCCCCNC(=[NH2+])C2=CC=C(C=C2)C(=[NH2+])NCCCCNC2=[NH+]C(N)=NC(N)=N2)=N1	UUUUUUAGGGAAGAUCUGGCCUUCCCACAAGGGAAGGCCAGGGAAUUUUCUU	Bisamidinium 2	Target_lig_649	HIV-1 FSS RNA	Target_109	3.69897000433602
1126	CCC1=C(C=C2C=C3C=CC=CC3=CC2=N1)C(=O)N1CCC[C@H]1C(=O)N[C@@H](CCC\C=C\CCC[C@H](NC(=O)[C@@H]1CCCN1C(=O)C1=C(CC)N=C2C=C3C=CC=CC3=CC2=C1)C(=O)N[C@@H](CCCC[NH3+])C(=O)NCCC[NH3+])C(=O)N[C@@H](CCCC[NH3+])C(=O)NCCC[NH3+]	UUUUUUAGGGAAGAUCUGGCCUUCCCACAAGGGAAGGCCAGGGAAUUUUCUU	DCC 11 (2012)	Target_lig_653	HIV-1 FSS RNA	Target_109	5.69897000433602
1129	CCC1=C(C=C2C=C3C=CC=CC3=CC2=N1)C(=O)N(C)[C@@H](C\C=C\C[C@H](N(C)C(=O)C1=C(CC)N=C2C=C3C=CC=CC3=CC2=C1)C(=O)N1CCC[C@H]1C(=O)N(C)[C@@H](CC1=CC=CC=C1)C(=O)NCCC[NH3+])C(=O)N1CCC[C@H]1C(=O)N(C)[C@@H](CC1=CC=CC=C1)C(=O)NCCC[NH3+]	UUUUUUAGGGAAGAUCUGGCCUUCCCACAAGGGAAGGCCAGGGAAUUUUCUU	Compound 4E	Target_lig_654	HIV-1 FSS RNA	Target_109	8.30102999566398
1130	CCC1=C(C=C2C=C3C=CC=CC3=CC2=N1)C(=O)N(C)[C@@H](C\C=C\C[C@H](N(C)C(=O)C1=C(CC)N=C2C=C3C=CC=CC3=CC2=C1)C(=O)N1CCC[C@H]1C(=O)N(C)[C@@H](CC1=CC=CC=C1)C(=O)NCCC[NH3+])C(=O)N1CCC[C@H]1C(=O)N(C)[C@@H](CC1=CC=CC=C1)C(=O)NCCC[NH3+]	GGCCUUCCCACAAGGGAAGGCC	Compound 4E	Target_lig_654	HIV-1 FSS DNA	Target_188	7.46852108295774
1134	CCC1=C(C=C2C=C3C=CC=CC3=CC2=N1)C(=O)N1CCC[C@H]1C(=O)N[C@@H](C\C=C/C[C@H](NC(=O)[C@@H]1CCCN1C(=O)C1=C(CC)N=C2C=C3C=CC=CC3=CC2=C1)C(=O)N[C@@H](CCCC[NH3+])C(=O)NCCC[NH3+])C(=O)N[C@@H](CCCC[NH3+])C(=O)NCCC[NH3+]	GGCCUUCCCACAAGGGAAGGCC	DCC 4 (2012)	Target_lig_652	HIV-1 FSS DNA	Target_188	7.14874165128092
1135	CCC1=C(C=C2C=C3C=CC=CC3=CC2=N1)C(=O)N1CCC[C@H]1C(=O)N[C@@H](C\C=C/C[C@H](NC(=O)[C@@H]1CCCN1C(=O)C1=C(CC)N=C2C=C3C=CC=CC3=CC2=C1)C(=O)N[C@@H](CCCC[NH3+])C(=O)NCCC[NH3+])C(=O)N[C@@H](CCCC[NH3+])C(=O)NCCC[NH3+]	UUUUUUAGGGAAGAUCUGGCCUUCCCACAAGGGAAGGCCAGGGAAUUUUCUU	DCC 4 (2012)	Target_lig_652	HIV-1 FSS RNA	Target_109	7.18045606445813
1138	CCC1=C(C=C2C=C3C=CC=CC3=CC2=N1)C(=O)N[C@@H](C\C=C\C[C@H](NC(=O)C1=C(CC)N=C2C=C3C=CC=CC3=CC2=C1)C(=O)N1CCC[C@H]1C(=O)N[C@@H](CC1=CC=CC=C1)C(=O)NCCC[NH3+])C(=O)N1CCC[C@H]1C(=O)N[C@@H](CC1=CC=CC=C1)C(=O)NCCC[NH3+]	UUUUUUAGGGAAGAUCUGGCCUUCCCACAAGGGAAGGCCAGGGAAUUUUCUU	DCC 5 (2012)	Target_lig_655	HIV-1 FSS RNA	Target_109	7.05060999335509
1139	CCC1=C(C=C2C=C3C=CC=CC3=CC2=N1)C(=O)N[C@@H](C\C=C\C[C@H](NC(=O)C1=C(CC)N=C2C=C3C=CC=CC3=CC2=C1)C(=O)N1CCC[C@H]1C(=O)N[C@@H](CC1=CC=CC=C1)C(=O)NCCC[NH3+])C(=O)N1CCC[C@H]1C(=O)N[C@@H](CC1=CC=CC=C1)C(=O)NCCC[NH3+]	GGCCUUCCCACAAGGGAAGGCC	DCC 5 (2012)	Target_lig_655	HIV-1 FSS DNA	Target_188	7.01772876696043
1150	CCC1=C(C=C2C=C3C=CC=CC3=CC2=N1)C(=O)N[C@@H](CCN1C=C(C[C@H](NC(=O)C2=C(CC)N=C3C=C4C=CC=CC4=CC3=C2)C(=O)N2CCC[C@H]2C(=O)N[C@@H](CC2=CC=CC=C2)C(=O)NCCC[NH3+])N=N1)C(=O)N1CCC[C@H]1C(=O)N[C@@H](CC1=CC=CC=C1)C(=O)NCCC[NH3+]	UUUUUUAGGGAAGAUCUGGCCUUCCCACAAGGGAAGGCCAGGGAAUUUUCUU	DCC 3 (2017)	Target_lig_658	HIV-1 FSS RNA; 5-fold excess tRNA	Target_109	7.49485002168009
1152	CCC1=C(C=C2C=C3C=CC=CC3=CC2=N1)C(=O)N[C@@H](CC1=CN(CC[C@H](N(C)C(=O)C2=C(CC)N=C3C=C4C=CC=CC4=CC3=C2)C(=O)N2CCC[C@H]2C(=O)N(C)[C@@H](CC2=CC=CC=C2)C(=O)NCCC[NH3+])N=N1)C(=O)N1CCC[C@H]1C(=O)N[C@@H](CC1=CC=CC=C1)C(=O)NCCC[NH3+]	UUUUUUAGGGAAGAUCUGGCCUUCCCACAAGGGAAGGCCAGGGAAUUUUCUU	DCC 4 (2017)	Target_lig_659	HIV-1 FSS RNA; 5-fold excess tRNA	Target_109	7.20760831050175
1154	CCC1=C(C=C2C=C3C=CC=CC3=CC2=N1)C(=O)N[C@@H](CC1=CN(CC[C@H](N(C)C(=O)C2=C(CC)N=C3C=C4C=CC=CC4=CC3=C2)C(=O)N2CCC[C@H]2C(=O)N[C@@H](CC2=CC=CC=C2)C(=O)NCCC[NH3+])N=N1)C(=O)N1CCC[C@H]1C(=O)N(C)[C@@H](CC1=CC=CC=C1)C(=O)NCCC[NH3+]	UUUUUUAGGGAAGAUCUGGCCUUCCCACAAGGGAAGGCCAGGGAAUUUUCUU	DCC 5 (2017)	Target_lig_660	HIV-1 FSS RNA; 5-fold excess tRNA	Target_109	7.50863830616573
1155	CCC1=C(C=C2C=C3C=CC=CC3=CC2=N1)C(=O)N(C)[C@@H](CCN1C=C(C[C@H](N(C)C(=O)C2=C(CC)N=C3C=C4C=CC=CC4=CC3=C2)C(=O)N2CCC[C@H]2C(=O)N(C)[C@@H](CC2=CC=CC=C2)C(=O)NCCC[NH3+])N=N1)C(=O)N1CCC[C@H]1C(=O)N(C)[C@@H](CC1=CC=CC=C1)C(=O)NCCC[NH3+]	UUUUUUAGGGAAGAUCUGGCCUUCCCACAAGGGAAGGCCAGGGAAUUUUCUU	DCC 7 (2017)	Target_lig_661	HIV-1 FSS RNA	Target_109	7.79588001734408
1226	C[NH+](C)CCCOC1=CC=C2[NH+]=C(N)N(CCC[NH+](C)C)C2=C1	CUCCCCUGUGAGGAACUACUGUCUUCACGCAGAAAGCGUCUAGCCAUGGCGUUAGUAUGAGUGUCGUGCAGCCUCCAGG	Benzimidazole 3	Target_lig_1256	HCV IRES IIa 40-mer	Target_67	4.76955107862173
1227	C[NH+](C)CCCOC1=CC=C2N=C3NCC(C[NH+](C)C)CN3C2=C1	CUCCCCUGUGAGGAACUACUGUCUUCACGCAGAAAGCGUCUAGCCAUGGCGUUAGUAUGAGUGUCGUGCAGCCUCCAGG	Benzimidazole 10	Target_lig_689	HCV IRES IIa 40-mer	Target_67	5.45593195564972
1228	C[NH+](C)CCCN1C(N)=[NH+]C2=CC=C3OC(CC[NH+](C)C)CC3=C12	CUCCCCUGUGAGGAACUACUGUCUUCACGCAGAAAGCGUCUAGCCAUGGCGUUAGUAUGAGUGUCGUGCAGCCUCCAGG	Benzimidazole 11 / Isis-11	Target_lig_690	HCV IRES IIa 40-mer	Target_67	5.76955107862173
1230	C[NH+](C)CCCN1C(N)=[NH+]C2=CC=C3OCC(C[NH+](C)C)CC3=C12	CUCCCCUGUGAGGAACUACUGUCUUCACGCAGAAAGCGUCUAGCCAUGGCGUUAGUAUGAGUGUCGUGCAGCCUCCAGG	Benzimidazole 12	Target_lig_691	HCV IRES IIa 40-mer	Target_67	6.06048074738138
1231	C[NH+](C)CC1CNC2=[NH+]C3=CC=C4OCC(C[NH+](C)C)CC4=C3N2C1	CUCCCCUGUGAGGAACUACUGUCUUCACGCAGAAAGCGUCUAGCCAUGGCGUUAGUAUGAGUGUCGUGCAGCCUCCAGG	Benzimidazole 13 / Isis-13	Target_lig_1257	HCV IRES IIa 40-mer	Target_67	6.14266750356873
1233	C[NH+](C)CC1CC2=C3N4CC(C[NH+](C)C)CNC4=[NH+]C3=CC=C2O1	GAGGAACUACUGGAGACGUGCAGCCUC	Isis-22	Target_lig_692	HCV IRES RNA	Target_68	5.65757731917779
1234	C[NH+](C)CCC[NH+]=C(C1=CC=C(C=C1)C(=[NH+]CCC[NH+](C)C)N)N	UUUUUUAGGGAAGAUCUGGCCUUCCCACAAGGGAAGGCCAGGGAAUUUUCUU	DB213	Target_lig_693	HIV-1 FSS RNA	Target_109	3.44369749923271
1236	CC[NH+](CC)CCOC1=CC=C(C=C1)/C(=C(\C2=CC=CC=C2)/Cl)/C3=CC=CC=C3	GCACUAUGGGCGCCAGCGUCAAUGACGCUGACGGUACAGCCAGACAAUUAUUGUCUGGUAUAGUGC	Clomiphene	Target_lig_694	HIV-1 RRE IIB, 100-fold Excess tRNA	Target_80	5.22184874961636
1240	C[NH+]1CCC(=C2C3=CC=CC=C3C=CC4=CC=CC=C42)CC1	GCACUAUGGGCGCCAGCGUCAAUGACGCUGACGGUACAGCCAGACAAUUAUUGUCUGGUAUAGUGC	Cyproheptadine	Target_lig_695	HIV-1 RRE IIB	Target_80	5.74472749489669
1255	COC1=C(C=C2C(=C1)C(=NC(=N2)N3CC[NH2+]CC3)N)OC	GAGUAGAAACAAGGCUUCGGCCUGCUUUUGCU	DPQ	Target_lig_701	Influenza RNA promoter	Target_217	4.29670862188134
1256	CCC(=O)N1CCN(CC1)C1=NC(N)=C2C=C(OC)C(OC)=CC2=[NH+]1	GAGUAGAAACAAGGCUUCGGCCUGCUUUUGCU	DPQ6	Target_lig_702	Influenza RNA promoter	Target_217	3.94233389609017
1257	COC1=CC2=[NH+]C(=NC(N)=C2C=C1OC)N1CCN(CC1)C(=O)C(C)C	GAGUAGAAACAAGGCUUCGGCCUGCUUUUGCU	DPQ7	Target_lig_703	Influenza RNA promoter	Target_217	3.79997073344623
1258	CCCC(=O)N1CCN(CC1)C1=NC(N)=C2C=C(OC)C(OC)=CC2=[NH+]1	GAGUAGAAACAAGGCUUCGGCCUGCUUUUGCU	DPQ8	Target_lig_704	Influenza RNA promoter	Target_217	4.35310637583225
1259	COC1=CC2=[NH+]C(=NC(N)=C2C=C1OC)N1CCN(CC1)C(=O)C1CC1	GAGUAGAAACAAGGCUUCGGCCUGCUUUUGCU	DPQ10	Target_lig_705	Influenza RNA promoter	Target_217	3.8955128886876
1260	CCOC(=O)C1=CC=CC=C1NC(=O)N2CCCN(CC2)CC3=CSC(=N3)C	CGGUGUAAGUGCAGCCCGUCUUACACCGUGCGGCACAGCGGAAACGCUGAUGUCGUAUACAGGGCU	Compound 43 (MTDB)	Target_lig_706	SARS-Pseudoknot Construct	Target_218	3.67778070526608
1261	CCN(CC)CCOC1=CC=C(C=C1)NC2=NC(=NC3=CC=CC=C32)C4=CC=CC=C4NC(=O)CCN5CCN(CC5)C	GGAGGAGGGGGAGGAGGA	Compound 1 (2017)	Target_lig_707	HCV IRES-A	Target_219	6.03245202378114
1262	CCN(CC)CCOC1=CC=C(C=C1)NC2=NC(=NC3=CC=CC=C32)C4=CC=CC=C4NC(=O)CCN5CCN(CC5)C	UGAUGAGUGUGAGGAGGA	Compound 1 (2017)	Target_lig_707	HCV IRES-A 1 Mutant	Target_220	5.43062609038495
1266	CCN(CC)CCOC1=CC=C(C=C1)NC2=NC(=NC3=CC=CC=C32)C4=CC=CC=C4NC(=O)CCN5CCN(CC5)C	CCUGACUAGUCUUUCAGG	Compound 1 (2017)	Target_lig_707	HCV IRES-A DNA	Target_222	4.83863199776503
1275	COC1=CC(CC[NH3+])=C(C(CC[NH3+])=C1)C1=CC(C)=C(C(C)=C1)C1=CC(CC[NH3+])=C(O)C(CC[NH3+])=C1	GCACUAUGGGCGCCAGCGUCAAUGACGCUGACGGUACAGCCAGACAAUUAUUGUCUGGUAUAGUGC	p-Terphenyl 6b	Target_lig_711	HIV-1 RRE IIB	Target_80	6.22184874961636
1322	C(CN1C=C(CNC2=C3C=CC=CC3=[NH+]C3=C2OC2=C3C=CC=C2)N=N1)C[NH+]1CCCCC1	GGAGGAGGGGGAGGAGGA	Quindoline CK1-14	Target_lig_723	IRES RNA G-quadruplex	Target_257	5.86012091359876
1817	CN(C)C1=C(N=C(C(=N1)N)C(=O)[NH+]=C(N)N)C#CC2=CC=CC=C2	GGAUCAAUAGCAGGUGUGGCACACCAGUCAUACCUUGAUCC	DMA-135	Target_lig_1019	EV71 SLII RNA	Target_329	6.2839966563652
1819	CN(c1nc(N)c(nc1c1ccc(cc1)c1ccccc1)C(=O)NC(=[NH2+])N)C	GGAUCAAUAGCAGGUGUGGCACACCAGUCAUACCUUGAUCC	DMA-155	Target_lig_1021	EV71 SLII RNA	Target_329	6.2518119729938
2047	CC(=O)C1=CC2=C(C=C1)SC3=CC=CC=C3N2CCCN(C)C	GGGCUAGCACUCUGGUAUCACGGUACCUUUGUGCGCCC	Acetylpromazine	Target_lig_176	CVB loop D RNA	Target_373	3.48148606012211
2048	CC(=O)C1=CC2=C(C=C1)SC3=CC=CC=C3N2CCCN(C)C	GGGGUUGUACCCACCCCAC	Acetylpromazine	Target_lig_176	Polio virus loop B RNA	Target_374	2.74472749489669
2098	CN(CCCOc1ccc2c(c1)n1CC(CNc1n2)CN(C)C)C	GGCCGAGUAGUGUUGGGUCGCGAAAGGCC	Benzimidazole10	Target_lig_1141	HCV IRES Domain II	Target_66	5.45593195564972
2099	CN(CCCn1c(N)nc2c1c1CC(Oc1cc2)CN(C)C)C	GGCCGAGUAGUGUUGGGUCGCGAAAGGCC	Benzimidazole11	Target_lig_1142	HCV IRES Domain II	Target_66	5.76955107862173
2100	CN(CCCn1c(N)nc2c1c1CC(COc1cc2)CN(C)C)C	GGCCGAGUAGUGUUGGGUCGCGAAAGGCC	Benzimidazole12	Target_lig_1143	HCV IRES Domain II	Target_66	6.06550154875643
2142	[C@H]1([C@H](C[C@H]([C@H]([C@H]1O)O[C@@H]1[C@@H](C[C@@H]([C@@H](O1)CN)O)N)N)N)O[C@@H]1[C@H]([C@@H]([C@H]([C@@H](O1)CNc1c2ccccc2nc2c1cccc2)O)N)O	GGCCGAGUAGUGUUGGGUCGCGAAAGGCC	Tobramycin	Target_lig_540	HCV IRES Domain IIId	Target_66	5.65757731917779
2144	NCC1OC(OC2C(N)CC(C(C2O)OC2OC(CN)C(C(C2O)O)N)N)C(CC1O)N	GGCCGAGUAGUGUUGGGUCGCGAAAGGCC	Compd 32	Target_lig_1155	HCV IRES Domain IIId	Target_66	5.16749108729376
2145	NCC1OC(OC2C(N)CC(C(C2O)OC2OC(CN)C(CC2N)O)N)C(C(C1OC1OC(CO)C(C(C1O)O)N)N)O	GGCCGAGUAGUGUUGGGUCGCGAAAGGCC	Compd 33	Target_lig_1156	HCV IRES Domain IIId	Target_66	6.15490195998574
2148	NCC1OC(OC2C(N)CC(C(C2O)OC2OC(CN)C(CC2N)O)N)C(C(C1O)OC1OC(CO)C(C(C1O)O)N)O	GGCCGAGUAGUGUUGGGUCGCGAAAGGCC	Compd 37	Target_lig_1159	HCV IRES Domain IIId	Target_66	5.63827216398241
2149	NCC1OC(OC2C(N)CC(C(C2O)OC2OC(CN)C(CC2N)O)N)C(C(C1OC1OC(CO)C(C(C1N)O)O)N)O	GGCCGAGUAGUGUUGGGUCGCGAAAGGCC	Compd 38	Target_lig_1160	HCV IRES Domain IIId	Target_66	5.63827216398241
2150	NCC1OC(OC2C(N)CC(C(C2O)OC2OC(COC3OC(CN)C(C(C3O)O)O)C(C(C2N)O)N)N)C(CC1O)N	GGCCGAGUAGUGUUGGGUCGCGAAAGGCC	Compd 39	Target_lig_1161	HCV IRES Domain IIId	Target_66	5.39794000867204
2151	NCC1OC(OC2C(N)CC(C(C2O)OC2OC(COC3OC(CN)C(C(C3O)O)O)C(C(C2N)O)N)N)C(CC1O)N	GGCCGAGUAGUGUUGGGUCGCGAAAGGCC	Compd 40	Target_lig_1281	HCV IRES Domain IIId	Target_66	5.48148606012211
2152	NCC1OC(OC2C(N)CC(C(C2O)OC2OC(CN)C(CC2N)O)N)C(C(C1O)OC1OC(CO)C(C(C1N)O)O)N	GGCCGAGUAGUGUUGGGUCGCGAAAGGCC	Compd 41	Target_lig_1162	HCV IRES Domain IIId	Target_66	6.27572413039921
2153	NCC1OC(OC2C(N)CC(C(C2O)OC2OC(CN)C(CC2N)O)N)C(C(C1O)OC1OC(CO)C(C(C1N)O)O)N	GGCCGAGUAGUGUUGGGUCGCGAAAGGCC	Compd 42	Target_lig_1282	HCV IRES Domain IIId	Target_66	5.69897000433602
2154	NCC1OC(OC2C(N)CC(C(C2O)OC2OC(CN)C(CC2N)O)N)C(C(C1OC1OC(CO)C(C(C1N)O)O)N)O	GGCCGAGUAGUGUUGGGUCGCGAAAGGCC	Compd 43	Target_lig_1283	HCV IRES Domain IIId	Target_66	6
2186	[C@H]1([C@H](C[C@H]([C@H]([C@H]1O)O[C@@H]1[C@@H](C[C@@H]([C@@H](O1)CN)O)N)N)N)O[C@@H]1[C@H]([C@@H]([C@H]([C@@H](O1)CNc1c2ccccc2nc2c1cccc2)O)N)O	CUGUCUUCACGCAGAAAGCGUCUAGCCAUGGCGUUAGUAUGAGUGUCG	Tobramycin	Target_lig_540	HCV IRES Domain Iib	Target_408	5.56863623584101
2188	NCC1OC(OC2C(N)CC(C(C2O)OC2OC(CN)C(C(C2O)O)N)N)C(CC1O)N	CUGUCUUCACGCAGAAAGCGUCUAGCCAUGGCGUUAGUAUGAGUGUCG	Compd 32	Target_lig_1155	HCV IRES Domain Iib	Target_408	4.92081875395238
2189	NCC1OC(OC2C(N)CC(C(C2O)OC2OC(CN)C(CC2N)O)N)C(C(C1OC1OC(CO)C(C(C1O)O)N)N)O	CUGUCUUCACGCAGAAAGCGUCUAGCCAUGGCGUUAGUAUGAGUGUCG	Compd 33	Target_lig_1156	HCV IRES Domain Iib	Target_408	5.52287874528034
2192	NCC1OC(OC2C(N)CC(C(C2O)OC2OC(COC3OC(CO)C(C(C3N)O)O)C(C(C2N)O)O)N)C(CC1O)N	CUGUCUUCACGCAGAAAGCGUCUAGCCAUGGCGUUAGUAUGAGUGUCG	Compd 36	Target_lig_1163	HCV IRES Domain Iib	Target_408	5.0268721464003
2193	NCC1OC(OC2C(N)CC(C(C2O)OC2OC(CN)C(CC2N)O)N)C(C(C1O)OC1OC(CO)C(C(C1O)O)N)O	CUGUCUUCACGCAGAAAGCGUCUAGCCAUGGCGUUAGUAUGAGUGUCG	Compd 37	Target_lig_1159	HCV IRES Domain Iib	Target_408	6.55284196865778
2194	NCC1OC(OC2C(N)CC(C(C2O)OC2OC(CN)C(CC2N)O)N)C(C(C1OC1OC(CO)C(C(C1N)O)O)N)O	CUGUCUUCACGCAGAAAGCGUCUAGCCAUGGCGUUAGUAUGAGUGUCG	Compd 38	Target_lig_1160	HCV IRES Domain Iib	Target_408	4.92081875395238
2195	NCC1OC(OC2C(N)CC(C(C2O)OC2OC(COC3OC(CN)C(C(C3O)O)O)C(C(C2N)O)N)N)C(CC1O)N	CUGUCUUCACGCAGAAAGCGUCUAGCCAUGGCGUUAGUAUGAGUGUCG	Compd 39	Target_lig_1161	HCV IRES Domain Iib	Target_408	5.58502665202918
2196	NCC1OC(OC2C(N)CC(C(C2O)OC2OC(COC3OC(CN)C(C(C3O)O)O)C(C(C2N)O)N)N)C(CC1O)N	CUGUCUUCACGCAGAAAGCGUCUAGCCAUGGCGUUAGUAUGAGUGUCG	Compd 40	Target_lig_1281	HCV IRES Domain Iib	Target_408	5.42021640338319
2197	NCC1OC(OC2C(N)CC(C(C2O)OC2OC(CN)C(CC2N)O)N)C(C(C1O)OC1OC(CO)C(C(C1N)O)O)N	CUGUCUUCACGCAGAAAGCGUCUAGCCAUGGCGUUAGUAUGAGUGUCG	Compd 41	Target_lig_1162	HCV IRES Domain Iib	Target_408	5.45593195564972
2198	NCC1OC(OC2C(N)CC(C(C2O)OC2OC(CN)C(CC2N)O)N)C(C(C1O)OC1OC(CO)C(C(C1N)O)O)N	CUGUCUUCACGCAGAAAGCGUCUAGCCAUGGCGUUAGUAUGAGUGUCG	Compd 42	Target_lig_1282	HCV IRES Domain Iib	Target_408	5.50863830616573
2199	NCC1OC(OC2C(N)CC(C(C2O)OC2OC(CN)C(CC2N)O)N)C(C(C1OC1OC(CO)C(C(C1N)O)O)N)O	CUGUCUUCACGCAGAAAGCGUCUAGCCAUGGCGUUAGUAUGAGUGUCG	Compd 43	Target_lig_1283	HCV IRES Domain Iib	Target_408	5.02227639471115
2216	[C@H]1([C@H](C[C@H]([C@H]([C@H]1O)O[C@@H]1[C@@H](C[C@@H]([C@@H](O1)CN)O)N)N)N)O[C@@H]1[C@H]([C@@H]([C@H]([C@@H](O1)CNc1c2ccccc2nc2c1cccc2)O)N)O	GGCUGACCAUCAAUAAGGAAGAAGCCCUUCAGCGGCCAGUA	Tobramycin	Target_lig_540	HIV protease active site (PAS) mRNA	Target_409	4.85387196432176
2218	NCC1OC(OC2C(N)CC(C(C2O)OC2OC(CN)C(C(C2O)O)N)N)C(CC1O)N	GGCUGACCAUCAAUAAGGAAGAAGCCCUUCAGCGGCCAGUA	Compd 32	Target_lig_1155	HIV protease active site (PAS) mRNA	Target_409	4.72124639904717
2219	NCC1OC(OC2C(N)CC(C(C2O)OC2OC(CN)C(CC2N)O)N)C(C(C1OC1OC(CO)C(C(C1O)O)N)N)O	GGCUGACCAUCAAUAAGGAAGAAGCCCUUCAGCGGCCAGUA	Compd 33	Target_lig_1156	HIV protease active site (PAS) mRNA	Target_409	5.95860731484177
2222	NCC1OC(OC2C(N)CC(C(C2O)OC2OC(COC3OC(CO)C(C(C3N)O)O)C(C(C2N)O)O)N)C(CC1O)N	GGCUGACCAUCAAUAAGGAAGAAGCCCUUCAGCGGCCAGUA	Compd 36	Target_lig_1163	HIV protease active site (PAS) mRNA	Target_409	5.29242982390206
2223	NCC1OC(OC2C(N)CC(C(C2O)OC2OC(CN)C(CC2N)O)N)C(C(C1O)OC1OC(CO)C(C(C1O)O)N)O	GGCUGACCAUCAAUAAGGAAGAAGCCCUUCAGCGGCCAGUA	Compd 37	Target_lig_1159	HIV protease active site (PAS) mRNA	Target_409	5.52287874528034
2224	NCC1OC(OC2C(N)CC(C(C2O)OC2OC(CN)C(CC2N)O)N)C(C(C1OC1OC(CO)C(C(C1N)O)O)N)O	GGCUGACCAUCAAUAAGGAAGAAGCCCUUCAGCGGCCAGUA	Compd 38	Target_lig_1160	HIV protease active site (PAS) mRNA	Target_409	5.30102999566398
2225	NCC1OC(OC2C(N)CC(C(C2O)OC2OC(COC3OC(CN)C(C(C3O)O)O)C(C(C2N)O)N)N)C(CC1O)N	GGCUGACCAUCAAUAAGGAAGAAGCCCUUCAGCGGCCAGUA	Compd 39	Target_lig_1161	HIV protease active site (PAS) mRNA	Target_409	5.39794000867204
2226	NCC1OC(OC2C(N)CC(C(C2O)OC2OC(COC3OC(CN)C(C(C3O)O)O)C(C(C2N)O)N)N)C(CC1O)N	GGCUGACCAUCAAUAAGGAAGAAGCCCUUCAGCGGCCAGUA	Compd 40	Target_lig_1281	HIV protease active site (PAS) mRNA	Target_409	4.85387196432176
2227	NCC1OC(OC2C(N)CC(C(C2O)OC2OC(CN)C(CC2N)O)N)C(C(C1O)OC1OC(CO)C(C(C1N)O)O)N	GGCUGACCAUCAAUAAGGAAGAAGCCCUUCAGCGGCCAGUA	Compd 41	Target_lig_1162	HIV protease active site (PAS) mRNA	Target_409	5.92081875395238
2228	NCC1OC(OC2C(N)CC(C(C2O)OC2OC(CN)C(CC2N)O)N)C(C(C1O)OC1OC(CO)C(C(C1N)O)O)N	GGCUGACCAUCAAUAAGGAAGAAGCCCUUCAGCGGCCAGUA	Compd 42	Target_lig_1282	HIV protease active site (PAS) mRNA	Target_409	5.15490195998574
2229	NCC1OC(OC2C(N)CC(C(C2O)OC2OC(CN)C(CC2N)O)N)C(C(C1OC1OC(CO)C(C(C1N)O)O)N)O	GGCUGACCAUCAAUAAGGAAGAAGCCCUUCAGCGGCCAGUA	Compd 43	Target_lig_1283	HIV protease active site (PAS) mRNA	Target_409	5.22184874961636
2375	C=CC1CN2CCC1CC2C(C3=CC=NC4=CC=CC=C34)O	UUUUUUAGGGAAGAUCUGGCCUUCCCACAAGGGAAGGCCAGGGAAUUUUCUU	Cinchonidine	Target_lig_1221	HIV-1FRAMESHIFT STEM LOOP STRUCTURE	Target_109	3.71399287792053
2376	CCCCOC(=O)C1=CC=C(C=C1)N	UUUUUUAGGGAAGAUCUGGCCUUCCCACAAGGGAAGGCCAGGGAAUUUUCUU	Butamben	Target_lig_1222	HIV-1FRAMESHIFT STEM LOOP STRUCTURE	Target_109	4.40450377817443
2377	CC1C(C(CC(O1)OC2CC(CC3=C2C(=C4C(=C3O)C(=O)C5=CC=CC=C5C4=O)O)(C(=O)C)O)N)O	UUUUUUAGGGAAGAUCUGGCCUUCCCACAAGGGAAGGCCAGGGAAUUUUCUU	Idarubicin	Target_lig_1223	HIV-1FRAMESHIFT STEM LOOP STRUCTURE	Target_109	5.04095860767891
2378	c1cc(ccc1)C[C@H](NC(=O)[C@@H]1CCCN1C(=O)[C@@H](NC(=O)c1cc2ccccc2nc1CC)CSSC[C@H](C(=O)N1CCC[C@H]1C(=O)N[C@H](C(=O)NCCCN)Cc1ccccc1)NC(=O)c1c(nc2c(c1)cccc2)CC)C(=O)NCCCN	GGCCUUCCUACAAGGGAAGGCC	ethylquinoline_carboxamide derivative	Target_lig_497	FSS_mutant_1	Target_431	6.34678748622466
2379	c1cc(ccc1)C[C@H](NC(=O)[C@@H]1CCCN1C(=O)[C@@H](NC(=O)c1cc2ccccc2nc1CC)CSSC[C@H](C(=O)N1CCC[C@H]1C(=O)N[C@H](C(=O)NCCCN)Cc1ccccc1)NC(=O)c1c(nc2c(c1)cccc2)CC)C(=O)NCCCN	CCGGAAGGGACAACCCUUCCGG	ethylquinoline_carboxamide derivative	Target_lig_497	FSS_mutant_2	Target_432	6.48148606012211
2380	c1cc(ccc1)C[C@H](NC(=O)[C@@H]1CCCN1C(=O)[C@@H](NC(=O)c1cc2ccccc2nc1CC)CSSC[C@H](C(=O)N1CCC[C@H]1C(=O)N[C@H](C(=O)NCCCN)Cc1ccccc1)NC(=O)c1c(nc2c(c1)cccc2)CC)C(=O)NCCCN	GGCCUUCCCGCAAGGGAAGGCC	ethylquinoline_carboxamide derivative	Target_lig_497	FSS_mutant_3	Target_433	6.11918640771921
2381	c1cc(ccc1)C[C@H](NC(=O)[C@@H]1CCCN1C(=O)[C@@H](NC(=O)c1cc2ccccc2nc1CC)CSSC[C@H](C(=O)N1CCC[C@H]1C(=O)N[C@H](C(=O)NCCCN)Cc1ccccc1)NC(=O)c1c(nc2c(c1)cccc2)CC)C(=O)NCCCN	GGCCUUCCCCACCGGGAAGGCC	ethylquinoline_carboxamide derivative	Target_lig_497	FSS_mutant_4	Target_434	5.95860731484177
2382	c1cc(ccc1)C[C@H](NC(=O)[C@@H]1CCCN1C(=O)[C@@H](NC(=O)c1cc2ccccc2nc1CC)CSSC[C@H](C(=O)N1CCC[C@H]1C(=O)N[C@H](C(=O)NCCCN)Cc1ccccc1)NC(=O)c1c(nc2c(c1)cccc2)CC)C(=O)NCCCN	CCGCUGCUGCUGCUGCUGCUGCUGCUGCUGCUGCGG	ethylquinoline_carboxamide derivative	Target_lig_497	FSS_mutant_5	Target_435	4.39794000867204
2383	NCCCNC(=O)[C@H](Cc1ccccc1)NC(=O)[C@@H]1CCCN1C(=O)[C@H](NC(=O)c1cc2ccccc2nc1C)CSSC[C@@H](C(=O)N1CCC[C@H]1C(=O)N[C@H](C(=O)NCCCN)Cc1ccccc1)NC(=O)c1cc2ccccc2nc1C	UUUUUUAGGGAAGAUCUGGCCUUCCCACAAGGGAAGGCCAGGGAAUUUUCUU	ethylquinoline_carboxamide derivative 2	Target_lig_1224	HIV-1FRAMESHIFT STEM LOOP STRUCTURE	Target_109	6.36653154442041
2384	NCCCNC(=O)[C@H](Cc1ccccc1)NC(=O)[C@@H]1CCCN1C(=O)[C@H](NC(=O)c1cnc2c(c1)cccc2)CSSC[C@@H](C(=O)N1CCC[C@H]1C(=O)N[C@H](C(=O)NCCCN)Cc1ccccc1)NC(=O)c1cnc2c(c1)cccc2	UUUUUUAGGGAAGAUCUGGCCUUCCCACAAGGGAAGGCCAGGGAAUUUUCUU	ethylquinoline_carboxamide derivative 3	Target_lig_1225	HIV-1FRAMESHIFT STEM LOOP STRUCTURE	Target_109	6.18708664335714
2385	NCCCNC(=O)[C@H](Cc1ccccc1)NC(=O)[C@@H]1CCCN1C(=O)[C@H](NC(=O)c1cc2cc3OCOc3cc2nc1CC)CSSC[C@@H](C(=O)N1CCC[C@H]1C(=O)N[C@H](C(=O)NCCCN)Cc1ccccc1)NC(=O)c1cc2cc3OCOc3cc2nc1CC	UUUUUUAGGGAAGAUCUGGCCUUCCCACAAGGGAAGGCCAGGGAAUUUUCUU	ethylquinoline_carboxamide derivative 4	Target_lig_1226	HIV-1FRAMESHIFT STEM LOOP STRUCTURE	Target_109	5.84771165561694
2386	NCCCNC(=O)[C@H](Cc1ccccc1)NC(=O)[C@@H]1CCCN1C(=O)[C@H](Nc1ccc2c(c1)C(=O)c1c(C2=O)cccc1)CSSC[C@@H](C(=O)N1CCC[C@H]1C(=O)N[C@H](C(=O)NCCCN)Cc1ccccc1)Nc1ccc2c(c1)C(=O)c1c(C2=O)cccc1	UUUUUUAGGGAAGAUCUGGCCUUCCCACAAGGGAAGGCCAGGGAAUUUUCUU	ethylquinoline_carboxamide derivative 5	Target_lig_1227	HIV-1FRAMESHIFT STEM LOOP STRUCTURE	Target_109	6.63827216398241
2387	CCC1=NC2=CC=CC=C2C=C1C(=O)O	UUUUUUAGGGAAGAUCUGGCCUUCCCACAAGGGAAGGCCAGGGAAUUUUCUU	2-ethylquinoline-3-carboxylic acid	Target_lig_1228	HIV-1FRAMESHIFT STEM LOOP STRUCTURE	Target_109	6.53760200210104
2388	C=CC[C@@H](C(=O)N1CCCC1C(=O)NC(C(=O)NCCCN)Cc1ccccc1)NC(=O)c1cc2ccccc2nc1CC	UUUUUUAGGGAAGAUCUGGCCUUCCCACAAGGGAAGGCCAGGGAAUUUUCUU	Dicarba_derivative_8	Target_lig_1229	HIV-1FRAMESHIFT STEM LOOP STRUCTURE	Target_109	6.32790214206428
2389	NCCCNC(=O)C(Cc1ccccc1)NC(=O)C1CCCN1C(=O)C(NC(=O)c1cc2ccccc2nc1CC)C/C=C/C[C@@H](C(=O)N1CCCC1C(=O)NC(C(=O)NCCCN)Cc1ccccc1)NC(=O)c1cc2ccccc2nc1CC	UUUUUUAGGGAAGAUCUGGCCUUCCCACAAGGGAAGGCCAGGGAAUUUUCUU	Dicarba_derivative_9	Target_lig_1230	HIV-1FRAMESHIFT STEM LOOP STRUCTURE	Target_109	6.48148606012211
2390	CN1CCN(CC1)CC2=C(C=CC(=C2)NC3=C4C=C(C=CC4=NC5=C3C=CC(=C5)Cl)OC)O	AGGACUCGGCUUGCUGAAGCGCGCGACGGCAAGAGGCGAGGGGCGGCGACUGGUGAGUACGCCAAAAAUUUUGACUAGCGGAGGCUAGAAGGAGAGAGAUGGGUGCGAGAGCGUCGGU	Acridine_derivative_2 (AD2)	Target_lig_1231	SL-3 of HIV-1_SITE	Target_146	6.17392519729917
2391	CCOC(=O)C1=C2C=CC=CN2C3=C1C(=O)C4=CC=CC=C4C3=O	AGGACUCGGCUUGCUGAAGCGCGCGACGGCAAGAGGCGAGGGGCGGCGACUGGUGAGUACGCCAAAAAUUUUGACUAGCGGAGGCUAGAAGGAGAGAGAUGGGUGCGAGAGCGUCGGU	NSC119236	Target_lig_1232	SL-3 of HIV-1_SITE	Target_146	5.85387196432176
2392	C[N+](CCN[N+]1(C)CCCc2c1cccc2)(C)C	AGGACUCGGCUUGCUGAAGCGCGCGACGGCAAGAGGCGAGGGGCGGCGACUGGUGAGUACGCCAAAAAUUUUGACUAGCGGAGGCUAGAAGGAGAGAGAUGGGUGCGAGAGCGUCGGU	SL3_compound_6	Target_lig_1233	SL-3 of HIV-1_SITE	Target_146	5.82390874094432
2393	CN(c1ncnc2c1n(CCn1cnc3c1ncnc3N(C)C)cn2)C	AGGACUCGGCUUGCUGAAGCGCGCGACGGCAAGAGGCGAGGGGCGGCGACUGGUGAGUACGCCAAAAAUUUUGACUAGCGGAGGCUAGAAGGAGAGAGAUGGGUGCGAGAGCGUCGGU	SL3_compound_2	Target_lig_1234	SL-3 of HIV-1_SITE	Target_146	4.49485002168009
